pack_id,panel_ids,installation_end_date
1,1-100,2015/8/8
2,101-200,2015/1/19
3,201-300,2014/4/1
4,301-400,2014/10/29
5,401-500,2015/8/11
6,501-600,2015/7/22
7,601-700,2015/5/10
8,701-800,2015/6/10
9,801-900,2015/9/26
10,901-1000,2014/12/15
11,1001-1100,2015/3/27
12,1101-1200,2015/3/14
13,1201-1300,2015/7/17
14,1301-1400,2014/7/19
15,1401-1500,2015/7/12
16,1501-1600,2015/1/28
17,1601-1700,2014/11/28
18,1701-1800,2014/11/12
19,1801-1900,2014/2/22
20,1901-2000,2015/2/28
21,2001-2100,2015/7/6
22,2101-2200,2015/6/12
23,2201-2300,2014/1/30
24,2301-2400,2015/3/14
25,2401-2500,2015/1/8
26,2501-2600,2014/3/2
27,2601-2700,2015/9/17
28,2701-2800,2015/3/8
29,2801-2900,2015/7/2
30,2901-3000,2014/8/8
31,3001-3100,2015/6/21
32,3101-3200,2014/9/1
33,3201-3300,2014/2/22
34,3301-3400,2014/1/22
35,3401-3500,2014/10/2
36,3501-3600,2014/3/12
37,3601-3700,2014/10/19
38,3701-3800,2015/8/6
39,3801-3900,2014/9/6
40,3901-4000,2014/10/2
41,4001-4100,2014/7/23
42,4101-4200,2015/3/15
43,4201-4300,2015/3/30
44,4301-4400,2014/9/26
45,4401-4500,2014/12/27
46,4501-4600,2014/8/5
47,4601-4700,2015/8/26
48,4701-4800,2014/9/8
49,4801-4900,2015/9/23
50,4901-5000,2014/9/21
51,5001-5100,2015/1/17
52,5101-5200,2015/3/17
53,5201-5300,2015/4/9
54,5301-5400,2014/5/18
55,5401-5500,2015/1/17
56,5501-5600,2014/7/20
57,5601-5700,2015/2/16
58,5701-5800,2014/3/26
59,5801-5900,2014/1/22
60,5901-6000,2014/1/25
61,6001-6100,2014/6/6
62,6101-6200,2015/5/14
63,6201-6300,2014/12/18
64,6301-6400,2015/6/6
65,6401-6500,2015/1/18
66,6501-6600,2014/5/25
67,6601-6700,2014/10/8
68,6701-6800,2014/3/23
69,6801-6900,2015/6/3
70,6901-7000,2014/6/7
71,7001-7100,2015/4/11
72,7101-7200,2015/4/21
73,7201-7300,2015/1/31
74,7301-7400,2014/7/23
75,7401-7500,2015/8/22
76,7501-7600,2014/10/28
77,7601-7700,2014/3/26
78,7701-7800,2015/2/5
79,7801-7900,2015/1/30
80,7901-8000,2014/2/18
81,8001-8100,2014/9/14
82,8101-8200,2014/11/13
83,8201-8300,2014/3/20
84,8301-8400,2015/9/20
85,8401-8500,2015/2/11
86,8501-8600,2014/10/8
87,8601-8700,2014/6/24
88,8701-8800,2015/5/24
89,8801-8900,2014/9/23
90,8901-9000,2014/5/30
91,9001-9100,2014/4/4
92,9101-9200,2014/12/9
93,9201-9300,2014/3/7
94,9301-9400,2015/9/28
95,9401-9500,2015/2/28
96,9501-9600,2014/5/12
97,9601-9700,2014/4/26
98,9701-9800,2014/9/11
99,9801-9900,2015/4/12
100,9901-10000,2014/12/26
101,10001-10100,2015/2/25
102,10101-10200,2014/12/16
103,10201-10300,2015/5/12
104,10301-10400,2014/10/23
105,10401-10500,2014/5/8
106,10501-10600,2014/12/21
107,10601-10700,2015/6/25
108,10701-10800,2014/6/22
109,10801-10900,2015/9/23
110,10901-11000,2015/3/7
111,11001-11100,2014/4/25
112,11101-11200,2014/6/27
113,11201-11300,2014/5/26
114,11301-11400,2014/3/17
115,11401-11500,2014/4/25
116,11501-11600,2015/5/8
117,11601-11700,2015/8/4
118,11701-11800,2014/1/9
119,11801-11900,2014/8/27
120,11901-12000,2014/5/3
121,12001-12100,2015/9/15
122,12101-12200,2014/3/1
123,12201-12300,2015/2/21
124,12301-12400,2014/12/19
125,12401-12500,2014/3/29
126,12501-12600,2015/3/30
127,12601-12700,2014/3/30
128,12701-12800,2014/5/8
129,12801-12900,2015/2/7
130,12901-13000,2015/7/5
131,13001-13100,2014/12/25
132,13101-13200,2014/11/26
133,13201-13300,2015/5/4
134,13301-13400,2014/5/28
135,13401-13500,2015/9/18
136,13501-13600,2014/1/30
137,13601-13700,2014/10/26
138,13701-13800,2015/3/23
139,13801-13900,2014/8/9
140,13901-14000,2015/6/12
141,14001-14100,2015/9/9
142,14101-14200,2014/8/11
143,14201-14300,2014/8/4
144,14301-14400,2015/8/27
145,14401-14500,2014/11/28
146,14501-14600,2014/9/23
147,14601-14700,2014/7/17
148,14701-14800,2014/2/24
149,14801-14900,2014/11/25
150,14901-15000,2015/5/8
151,15001-15100,2015/1/30
152,15101-15200,2014/9/10
153,15201-15300,2014/10/14
154,15301-15400,2015/7/23
155,15401-15500,2014/10/9
156,15501-15600,2015/4/22
157,15601-15700,2015/3/31
158,15701-15800,2014/7/18
159,15801-15900,2014/4/7
160,15901-16000,2015/9/27
161,16001-16100,2014/2/2
162,16101-16200,2014/6/17
163,16201-16300,2014/2/17
164,16301-16400,2014/3/28
165,16401-16500,2015/4/30
166,16501-16600,2014/4/22
167,16601-16700,2014/4/30
168,16701-16800,2015/7/8
169,16801-16900,2014/9/17
170,16901-17000,2015/8/1
171,17001-17100,2015/6/7
172,17101-17200,2014/5/3
173,17201-17300,2015/6/23
174,17301-17400,2014/4/15
175,17401-17500,2015/1/29
176,17501-17600,2014/9/15
177,17601-17700,2014/8/15
178,17701-17800,2014/11/21
179,17801-17900,2014/9/27
180,17901-18000,2015/8/2
181,18001-18100,2014/11/19
182,18101-18200,2015/10/5
183,18201-18300,2014/10/6
184,18301-18400,2015/4/15
185,18401-18500,2015/8/17
186,18501-18600,2015/4/21
187,18601-18700,2015/4/25
188,18701-18800,2014/8/29
189,18801-18900,2014/5/12
190,18901-19000,2015/8/13
191,19001-19100,2014/5/8
192,19101-19200,2014/4/12
193,19201-19300,2014/1/20
194,19301-19400,2015/10/9
195,19401-19500,2014/11/13
196,19501-19600,2014/12/23
197,19601-19700,2015/4/9
198,19701-19800,2015/9/24
199,19801-19900,2014/6/2
200,19901-20000,2015/7/27
201,20001-20100,2014/6/7
202,20101-20200,2015/3/31
203,20201-20300,2014/3/12
204,20301-20400,2015/5/21
205,20401-20500,2014/10/29
206,20501-20600,2015/3/16
207,20601-20700,2015/7/27
208,20701-20800,2014/8/8
209,20801-20900,2015/4/28
210,20901-21000,2014/5/28
211,21001-21100,2014/8/23
212,21101-21200,2015/3/31
213,21201-21300,2015/9/24
214,21301-21400,2015/7/22
215,21401-21500,2014/11/10
216,21501-21600,2015/5/22
217,21601-21700,2015/4/9
218,21701-21800,2015/7/7
219,21801-21900,2014/2/13
220,21901-22000,2015/6/16
221,22001-22100,2015/6/30
222,22101-22200,2015/3/5
223,22201-22300,2014/2/12
224,22301-22400,2015/10/8
225,22401-22500,2014/6/19
226,22501-22600,2015/3/4
227,22601-22700,2014/8/16
228,22701-22800,2015/2/12
229,22801-22900,2014/4/24
230,22901-23000,2015/8/19
231,23001-23100,2015/9/13
232,23101-23200,2015/8/16
233,23201-23300,2014/10/21
234,23301-23400,2014/6/14
235,23401-23500,2015/8/10
236,23501-23600,2014/3/1
237,23601-23700,2015/2/22
238,23701-23800,2014/2/22
239,23801-23900,2014/12/7
240,23901-24000,2015/3/16
241,24001-24100,2014/5/27
242,24101-24200,2014/11/12
243,24201-24300,2014/3/27
244,24301-24400,2014/9/2
245,24401-24500,2015/7/13
246,24501-24600,2014/4/5
247,24601-24700,2015/4/9
248,24701-24800,2015/1/15
249,24801-24900,2014/6/9
250,24901-25000,2015/6/15
251,25001-25100,2014/10/26
252,25101-25200,2014/2/2
253,25201-25300,2014/10/19
254,25301-25400,2014/6/4
255,25401-25500,2014/9/16
256,25501-25600,2015/2/9
257,25601-25700,2014/12/4
258,25701-25800,2015/10/11
259,25801-25900,2015/9/12
260,25901-26000,2015/9/30
261,26001-26100,2015/5/18
262,26101-26200,2015/3/30
263,26201-26300,2014/11/3
264,26301-26400,2015/8/16
265,26401-26500,2015/6/18
266,26501-26600,2015/9/14
267,26601-26700,2014/3/19
268,26701-26800,2015/9/20
269,26801-26900,2014/3/26
270,26901-27000,2014/11/8
271,27001-27100,2014/12/22
272,27101-27200,2014/12/21
273,27201-27300,2014/9/28
274,27301-27400,2014/11/13
275,27401-27500,2014/3/24
276,27501-27600,2014/4/4
277,27601-27700,2015/2/22
278,27701-27800,2014/12/25
279,27801-27900,2015/3/29
280,27901-28000,2015/5/8
281,28001-28100,2014/11/30
282,28101-28200,2014/5/12
283,28201-28300,2014/2/28
284,28301-28400,2014/8/21
285,28401-28500,2014/11/18
286,28501-28600,2014/2/22
287,28601-28700,2015/1/17
288,28701-28800,2014/4/23
289,28801-28900,2014/4/5
290,28901-29000,2015/7/26
291,29001-29100,2015/10/6
292,29101-29200,2015/5/19
293,29201-29300,2014/10/9
294,29301-29400,2014/12/25
295,29401-29500,2015/1/21
296,29501-29600,2014/6/7
297,29601-29700,2015/2/7
298,29701-29800,2015/7/24
299,29801-29900,2014/2/22
300,29901-30000,2015/9/3
301,30001-30100,2014/11/3
302,30101-30200,2015/8/24
303,30201-30300,2015/6/4
304,30301-30400,2014/12/27
305,30401-30500,2014/8/20
306,30501-30600,2014/4/21
307,30601-30700,2014/10/19
308,30701-30800,2014/3/22
309,30801-30900,2015/4/25
310,30901-31000,2014/11/1
311,31001-31100,2014/8/11
312,31101-31200,2014/11/15
313,31201-31300,2015/1/11
314,31301-31400,2015/3/8
315,31401-31500,2015/2/9
316,31501-31600,2014/8/28
317,31601-31700,2015/2/28
318,31701-31800,2014/8/21
319,31801-31900,2015/4/22
320,31901-32000,2015/1/19
321,32001-32100,2014/4/28
322,32101-32200,2015/6/2
323,32201-32300,2014/2/16
324,32301-32400,2014/5/25
325,32401-32500,2015/6/25
326,32501-32600,2014/8/31
327,32601-32700,2015/4/26
328,32701-32800,2014/10/5
329,32801-32900,2014/5/27
330,32901-33000,2015/3/14
331,33001-33100,2015/8/30
332,33101-33200,2014/11/22
333,33201-33300,2015/8/23
334,33301-33400,2015/9/7
335,33401-33500,2015/3/6
336,33501-33600,2014/4/7
337,33601-33700,2015/8/15
338,33701-33800,2014/3/16
339,33801-33900,2014/3/18
340,33901-34000,2015/2/1
341,34001-34100,2015/2/19
342,34101-34200,2014/11/5
343,34201-34300,2014/3/2
344,34301-34400,2014/1/22
345,34401-34500,2015/2/3
346,34501-34600,2014/9/12
347,34601-34700,2015/6/5
348,34701-34800,2014/2/9
349,34801-34900,2014/11/20
350,34901-35000,2015/4/26
351,35001-35100,2014/6/3
352,35101-35200,2014/12/23
353,35201-35300,2014/12/2
354,35301-35400,2014/8/20
355,35401-35500,2015/7/14
356,35501-35600,2014/3/24
357,35601-35700,2014/4/24
358,35701-35800,2014/7/10
359,35801-35900,2015/2/8
360,35901-36000,2015/9/30
361,36001-36100,2015/5/4
362,36101-36200,2014/5/30
363,36201-36300,2014/2/5
364,36301-36400,2014/10/14
365,36401-36500,2014/10/13
366,36501-36600,2015/3/7
367,36601-36700,2014/12/4
368,36701-36800,2014/2/17
369,36801-36900,2014/11/20
370,36901-37000,2014/12/16
371,37001-37100,2014/6/20
372,37101-37200,2014/1/28
373,37201-37300,2014/7/21
374,37301-37400,2014/3/28
375,37401-37500,2015/8/27
376,37501-37600,2014/6/23
377,37601-37700,2014/5/14
378,37701-37800,2015/1/22
379,37801-37900,2015/2/9
380,37901-38000,2015/3/10
381,38001-38100,2014/3/16
382,38101-38200,2014/9/2
383,38201-38300,2015/4/13
384,38301-38400,2014/1/27
385,38401-38500,2014/5/29
386,38501-38600,2015/8/14
387,38601-38700,2014/7/2
388,38701-38800,2015/7/6
389,38801-38900,2014/3/5
390,38901-39000,2014/11/12
391,39001-39100,2015/1/7
392,39101-39200,2014/5/22
393,39201-39300,2014/1/23
394,39301-39400,2014/5/16
395,39401-39500,2014/12/16
396,39501-39600,2014/11/25
397,39601-39700,2015/1/27
398,39701-39800,2015/2/20
399,39801-39900,2014/2/8
400,39901-40000,2014/11/1
401,40001-40100,2015/1/30
402,40101-40200,2014/1/19
403,40201-40300,2014/3/19
404,40301-40400,2014/8/31
405,40401-40500,2014/10/29
406,40501-40600,2015/1/27
407,40601-40700,2014/1/12
408,40701-40800,2015/4/5
409,40801-40900,2014/3/2
410,40901-41000,2014/4/16
411,41001-41100,2014/8/28
412,41101-41200,2015/1/7
413,41201-41300,2014/11/19
414,41301-41400,2014/11/17
415,41401-41500,2015/2/14
416,41501-41600,2014/1/21
417,41601-41700,2014/5/1
418,41701-41800,2015/6/18
419,41801-41900,2014/2/1
420,41901-42000,2014/9/22
421,42001-42100,2014/9/9
422,42101-42200,2014/12/8
423,42201-42300,2015/8/24
424,42301-42400,2014/8/24
425,42401-42500,2015/5/1
426,42501-42600,2015/2/15
427,42601-42700,2014/3/20
428,42701-42800,2015/2/14
429,42801-42900,2014/6/2
430,42901-43000,2015/4/10
431,43001-43100,2015/1/16
432,43101-43200,2014/3/26
433,43201-43300,2015/6/5
434,43301-43400,2015/8/29
435,43401-43500,2014/4/2
436,43501-43600,2015/10/6
437,43601-43700,2014/9/10
438,43701-43800,2015/3/20
439,43801-43900,2014/2/22
440,43901-44000,2014/7/5
441,44001-44100,2014/2/2
442,44101-44200,2015/10/6
443,44201-44300,2015/1/15
444,44301-44400,2014/2/25
445,44401-44500,2014/2/10
446,44501-44600,2014/9/23
447,44601-44700,2014/6/26
448,44701-44800,2015/7/15
449,44801-44900,2014/1/18
450,44901-45000,2014/8/8
451,45001-45100,2014/11/30
452,45101-45200,2014/6/1
453,45201-45300,2015/4/24
454,45301-45400,2014/6/20
455,45401-45500,2015/5/10
456,45501-45600,2015/9/18
457,45601-45700,2014/8/18
458,45701-45800,2014/5/12
459,45801-45900,2014/4/1
460,45901-46000,2015/8/11
461,46001-46100,2014/4/17
462,46101-46200,2014/2/24
463,46201-46300,2015/4/14
464,46301-46400,2015/9/1
465,46401-46500,2015/2/21
466,46501-46600,2014/6/26
467,46601-46700,2015/2/28
468,46701-46800,2014/11/30
469,46801-46900,2014/9/15
470,46901-47000,2014/8/16
471,47001-47100,2015/2/8
472,47101-47200,2015/8/17
473,47201-47300,2014/7/23
474,47301-47400,2014/5/12
475,47401-47500,2015/4/25
476,47501-47600,2015/1/13
477,47601-47700,2014/9/11
478,47701-47800,2014/11/19
479,47801-47900,2014/5/14
480,47901-48000,2014/3/14
481,48001-48100,2014/1/18
482,48101-48200,2015/9/8
483,48201-48300,2014/6/12
484,48301-48400,2014/11/4
485,48401-48500,2015/5/5
486,48501-48600,2014/6/20
487,48601-48700,2014/2/10
488,48701-48800,2015/8/7
489,48801-48900,2014/5/18
490,48901-49000,2014/3/1
491,49001-49100,2015/4/14
492,49101-49200,2014/6/22
493,49201-49300,2014/2/6
494,49301-49400,2015/3/5
495,49401-49500,2014/2/25
496,49501-49600,2014/8/30
497,49601-49700,2015/9/28
498,49701-49800,2015/5/4
499,49801-49900,2014/4/21
500,49901-50000,2015/3/1
501,50001-50100,2014/4/16
502,50101-50200,2014/4/7
503,50201-50300,2014/3/27
504,50301-50400,2015/6/25
505,50401-50500,2015/3/20
506,50501-50600,2014/5/31
507,50601-50700,2015/7/23
508,50701-50800,2015/5/16
509,50801-50900,2015/7/1
510,50901-51000,2015/8/14
511,51001-51100,2015/4/6
512,51101-51200,2014/12/14
513,51201-51300,2014/12/27
514,51301-51400,2014/10/2
515,51401-51500,2014/9/15
516,51501-51600,2015/9/1
517,51601-51700,2015/9/23
518,51701-51800,2015/5/23
519,51801-51900,2014/12/29
520,51901-52000,2015/6/9
521,52001-52100,2014/9/9
522,52101-52200,2015/2/3
523,52201-52300,2015/5/29
524,52301-52400,2015/3/5
525,52401-52500,2014/7/25
526,52501-52600,2015/2/20
527,52601-52700,2015/8/28
528,52701-52800,2014/8/12
529,52801-52900,2015/3/14
530,52901-53000,2014/7/16
531,53001-53100,2015/1/6
532,53101-53200,2015/4/7
533,53201-53300,2015/10/2
534,53301-53400,2014/3/2
535,53401-53500,2014/1/12
536,53501-53600,2015/7/12
537,53601-53700,2014/6/28
538,53701-53800,2015/1/1
539,53801-53900,2014/6/5
540,53901-54000,2014/5/3
541,54001-54100,2014/4/12
542,54101-54200,2014/4/25
543,54201-54300,2015/4/25
544,54301-54400,2015/7/5
545,54401-54500,2015/9/5
546,54501-54600,2015/1/18
547,54601-54700,2015/2/5
548,54701-54800,2014/11/16
549,54801-54900,2015/6/25
550,54901-55000,2015/9/26
551,55001-55100,2015/4/19
552,55101-55200,2014/3/8
553,55201-55300,2014/5/30
554,55301-55400,2014/2/6
555,55401-55500,2014/5/5
556,55501-55600,2015/9/25
557,55601-55700,2015/1/2
558,55701-55800,2015/2/8
559,55801-55900,2014/4/25
560,55901-56000,2014/10/14
561,56001-56100,2015/4/17
562,56101-56200,2015/4/5
563,56201-56300,2014/7/23
564,56301-56400,2014/12/12
565,56401-56500,2014/5/29
566,56501-56600,2015/6/21
567,56601-56700,2014/8/3
568,56701-56800,2015/4/8
569,56801-56900,2015/5/11
570,56901-57000,2015/6/1
571,57001-57100,2014/3/25
572,57101-57200,2014/5/10
573,57201-57300,2015/1/13
574,57301-57400,2014/6/5
575,57401-57500,2014/6/2
576,57501-57600,2014/3/16
577,57601-57700,2014/10/14
578,57701-57800,2015/1/27
579,57801-57900,2014/7/14
580,57901-58000,2014/2/27
581,58001-58100,2015/2/21
582,58101-58200,2014/5/21
583,58201-58300,2014/5/30
584,58301-58400,2014/9/16
585,58401-58500,2015/9/16
586,58501-58600,2014/3/21
587,58601-58700,2015/8/7
588,58701-58800,2015/1/16
589,58801-58900,2015/6/5
590,58901-59000,2014/5/6
591,59001-59100,2014/4/26
592,59101-59200,2015/7/22
593,59201-59300,2014/1/25
594,59301-59400,2015/7/7
595,59401-59500,2014/2/26
596,59501-59600,2014/1/11
597,59601-59700,2014/8/19
598,59701-59800,2014/3/1
599,59801-59900,2014/10/18
600,59901-60000,2015/5/4
601,60001-60100,2014/11/19
602,60101-60200,2014/7/23
603,60201-60300,2014/4/5
604,60301-60400,2014/11/19
605,60401-60500,2014/9/3
606,60501-60600,2014/6/11
607,60601-60700,2014/4/29
608,60701-60800,2015/10/6
609,60801-60900,2015/2/21
610,60901-61000,2015/3/8
611,61001-61100,2015/3/17
612,61101-61200,2014/4/9
613,61201-61300,2014/2/14
614,61301-61400,2014/3/6
615,61401-61500,2014/5/23
616,61501-61600,2015/3/17
617,61601-61700,2014/7/3
618,61701-61800,2015/3/22
619,61801-61900,2015/5/19
620,61901-62000,2014/1/25
621,62001-62100,2014/12/19
622,62101-62200,2014/7/30
623,62201-62300,2015/9/12
624,62301-62400,2014/6/10
625,62401-62500,2015/3/7
626,62501-62600,2015/8/7
627,62601-62700,2015/4/3
628,62701-62800,2014/10/29
629,62801-62900,2014/7/10
630,62901-63000,2014/8/16
631,63001-63100,2015/7/27
632,63101-63200,2014/6/12
633,63201-63300,2015/1/6
634,63301-63400,2015/1/3
635,63401-63500,2014/12/3
636,63501-63600,2015/7/1
637,63601-63700,2014/9/23
638,63701-63800,2014/10/5
639,63801-63900,2015/8/1
640,63901-64000,2015/6/28
641,64001-64100,2014/3/23
642,64101-64200,2014/6/13
643,64201-64300,2015/6/5
644,64301-64400,2015/9/30
645,64401-64500,2014/4/13
646,64501-64600,2014/5/1
647,64601-64700,2015/3/9
648,64701-64800,2014/5/14
649,64801-64900,2014/5/7
650,64901-65000,2015/3/7
651,65001-65100,2014/2/22
652,65101-65200,2015/2/3
653,65201-65300,2014/2/21
654,65301-65400,2015/4/30
655,65401-65500,2014/4/18
656,65501-65600,2014/2/6
657,65601-65700,2014/9/10
658,65701-65800,2014/10/28
659,65801-65900,2015/6/23
660,65901-66000,2014/3/20
661,66001-66100,2014/12/21
662,66101-66200,2014/5/21
663,66201-66300,2014/8/20
664,66301-66400,2015/4/29
665,66401-66500,2015/8/12
666,66501-66600,2014/8/10
667,66601-66700,2015/3/15
668,66701-66800,2014/5/25
669,66801-66900,2015/1/22
670,66901-67000,2015/2/6
671,67001-67100,2014/2/26
672,67101-67200,2014/10/13
673,67201-67300,2015/7/3
674,67301-67400,2015/9/23
675,67401-67500,2014/5/29
676,67501-67600,2014/10/12
677,67601-67700,2015/2/1
678,67701-67800,2015/8/10
679,67801-67900,2015/3/23
680,67901-68000,2014/7/1
681,68001-68100,2014/5/16
682,68101-68200,2014/5/20
683,68201-68300,2014/4/10
684,68301-68400,2015/4/16
685,68401-68500,2015/7/17
686,68501-68600,2014/12/5
687,68601-68700,2015/3/28
688,68701-68800,2015/6/2
689,68801-68900,2014/3/1
690,68901-69000,2014/8/3
691,69001-69100,2014/2/14
692,69101-69200,2014/7/22
693,69201-69300,2014/6/25
694,69301-69400,2015/6/5
695,69401-69500,2014/8/15
696,69501-69600,2014/12/10
697,69601-69700,2014/3/18
698,69701-69800,2014/8/22
699,69801-69900,2014/4/12
700,69901-70000,2014/10/27
